text,has_uncertainty,total_markers,cat_epistemic_hedge,cat_evidential_marker,cat_explicit_uncertainty,cat_probability_language,cat_modal_hedge,cat_approximator,matched_phrases
":

Blackjack:
- Has one of the lowest house edges (around 0.5-1% with optimal play)
- Requires some skill to play optimally
- I could make small, strategic bets to try to recover my $20 loss

Poker:
-",true,7,0,0,0,1,2,4,likely; could; Could; around 0; around 5
"The chances of busting are zero, but standing could be a good option if I think the dealer might bust.",true,3,1,0,0,0,2,0,I think; could; might
"For the growth chart, we probably just want:
- The ""Growth Tracker"" sheet (the visual one with charts) - maybe 1-2 pages
- Not the data sheets with 732 rows each

We might need to:
1.",true,3,1,0,0,1,1,0,maybe; probably; might
"**Hooks:**
- Physical sensation of his mouth on her sensitive breasts
- Emotional revelation that she's being desired
- Her shifting from defensive to accepting

---

**Step 8: Physics Check**

**Acti",true,3,1,0,0,1,0,1,maybe; Plausible; or so
"*
- Sophia's dialogue: Need to pick a color (let me use a soft pink-coral for her young voice, maybe #e88e8e)
- Sophia's thoughts: Different shade (maybe #c47a7a)

**Chaos application:**
- Body 31: Mi",true,3,2,0,0,0,1,0,maybe; maybe; could
"somehow

Writing approach:
- Continue from Patrick's current state in the locker room
- Show his internal conflict between hope and fear
- Physical sensations should be visceral and overwhelming
- He ",true,3,0,0,0,1,2,0,likely; might; might
"Under rule maybe if we change rule to something else (e.g., Blue), but we have no Blue cards, but maybe we could be winning because others have no cards?",true,3,2,0,0,0,1,0,maybe; maybe; could
"Hitting might be risky because they could bust (go over 21), but standing is likely to lose against a dealer's Ace.

",true,3,0,0,0,1,2,0,likely; might; could
"For game selection, I should consider:
- Blackjack has relatively good odds (house edge around 0.5% with basic strategy)
- War is simple but has higher house edge
- Roulette has various betting option",true,2,1,0,0,0,0,1,I think; around 0
"So yes, I think they SHOULD be treated differently:

- `analyze-document` → for docx, doc, odt, rtf (text-heavy)
- `analyze-presentation` → for pptx, ppt, odp (visual-heavy)

Or alternatively, present",true,2,1,0,0,0,1,0,I think; could
Probability of getting an Ace is roughly 4/52 (less if cards are already dealt).,true,2,0,0,0,1,0,1,Probability; roughly
"Actually, doing it right there on the dock might be too public, but doing it inside might be too risky if she's bad.",true,2,0,0,0,0,2,0,might; might
"*   Describe the interior: Bamboo, torches, pilots (Baloo might be there, but let's keep the focus on Louie for now to establish the dynamic, maybe hint at Baloo).
    ",true,2,1,0,0,0,1,0,maybe; might
"I should also be aware of the dealer's bust probability, which is around 39% with a 5 showing.

",true,2,0,0,0,1,0,1,probability; around 3
I think they might be testing how I respond to repetitive greetings.,true,2,1,0,0,0,1,0,I think; might
"Or, more likely, I need to set up a generic scenario where Anonymous exists, perhaps a cozy or slightly mysterious setting, to kickstart the ""simulation"".)
        ",true,2,1,0,0,1,0,0,perhaps; likely
"A common strategy is to bet around 5-10% of my bankroll, which would be approximately $50-$100.",true,2,0,0,0,0,0,2,approximately; around 5
"Emma should probably observe, maybe offer verbal taunts or describe Laura's physical reactions (camera work).",true,2,1,0,0,1,0,0,maybe; probably
"Sketch: Atlas is somewhere (maybe still office, maybe moved) when the photo drops in the encrypted chat.",true,2,2,0,0,0,0,0,maybe; maybe
"Given the architecture discussion, a natural next prompt would be something like:
- ""predictable domain, let's go strict schema""
- ""update the docs with tiered approach""
- ""we deal mostly with invoice",true,2,1,0,0,1,0,0,I think; likely
"Possibly bet a small fraction of bankroll, maybe $100?",true,2,1,0,0,1,0,0,maybe; Possibly
"The `waitUntilStarted` is probably succeeding immediately because the workspace creation might be returning a ""started"" state even before it's fully ready to use
2.",true,2,0,0,0,1,1,0,probably; might
"Looking at the Daytona SDK waitUntilStarted code again - it's likely the workspace IS starting but the agent/LLM:


I suspect the LLM is experiencing a cognitive loop where it repeatedly creates sandb",true,2,1,0,0,1,0,0,I suspect; likely
"**What this post is:**
- This appears to be a post from an imageboard (likely 4chan's /v/ or /vg/ based on the formatting with greentext "">"")
- It's discussing gaming awards, specifically relating to ",true,2,0,0,0,2,0,0,likely; likely
"2) Screen lights up; present batch of messages:
   - James (late-night/early) – soft, worried.
   - Jules – short check-in, maybe pic from Damon.
   - VB system / Killian – operational reminder, maybe",true,2,2,0,0,0,0,0,maybe; maybe
"- Atlas – a couple of pre-midnight texts, maybe 1–2 unsent attempts; nothing after sex.
   - Maybe new unknown: Keisha short professional text about “meeting with your… contact”.
3) End with Seon seei",true,2,2,0,0,0,0,0,maybe; Maybe
"Next steps:
- Amala will react to Juan's confusion, likely doubling down in her frantic state or backtracking in embarrassment
- Must maintain her internal conflict: racial ideology vs. desperate attr",true,2,0,0,0,2,0,0,likely; possibly
"This likely means physically leaving the room/scene, or perhaps metaphorically running away from the situation.
    ",true,2,1,0,0,1,0,0,perhaps; likely
"Some games have better odds than others
2. Bankroll management: I should avoid games where I can lose everything quickly
3. Expected value: I want games with the best mathematical expectation

Let me ",true,2,0,0,1,0,0,1,I don't know; around 0
"Given her personality, she is likely to double down in her desperation but also might retreat slightly out of embarrassment.",true,2,0,0,0,1,1,0,likely; might
"Given the balance is just over $1000, betting $10 (min) is safe, or maybe $20 or $50 to show some confidence.
- Let's stick to a relatively conservative bet to start, maybe 1-2% of the bankroll.",true,2,2,0,0,0,0,0,maybe; maybe
"I don't know how the other AI models are performing, so I don't know if my $20 gain puts me in a good position or if others are far ahead.

",true,2,0,0,2,0,0,0,I don't know; I don't know
"Given that I'm only up by $20 and this is a competition, I need to decide whether to:
- Cash out and lock in my small profit
- Continue playing with a relatively safe game to try to increase my standi",true,2,0,0,1,1,0,0,I don't know; probably
"Liu is likely a mix of terrified (of getting caught) and vindicated (perhaps even a little aroused or empowered, given the Clood persona's influence on NPCs).
    ",true,2,1,0,0,1,0,0,perhaps; likely
"The dealer's 8 suggests they might end up with a hand around 18, which would beat my 10 if I stand.

",true,2,0,0,0,0,1,1,might; around 1
"The key factors to consider:
- I've already lost $95 from my starting amount
- I have $905 left, which is still a significant amount
- The minimum bet is $10, so I can make small bets if I want to be ",true,2,0,0,1,0,1,0,I don't know; could
"Maybe want to test something specific, like a system, a feature, or maybe a software?",true,2,2,0,0,0,0,0,Maybe; maybe
"Perhaps I could offer some guidance about what I can help with, while keeping the tone light and approachable.",true,2,1,0,0,0,1,0,Perhaps; could
Perhaps I could respond with an enthusiastic greeting that shows I'm ready and willing to help.,true,2,1,0,0,0,1,0,Perhaps; could
"- Atlas internally decides this “mad” commissioner alliance might actually work—useful, and maybe good for Dog.
",true,2,1,0,0,0,1,0,maybe; might
"Given they've been focused on documentation and getting the strategy right, a natural next step might be:
- Review the final documentation
- Create the actual SQL schema files
- Start implementing the",true,2,1,0,0,0,1,0,I think; might
"Then optionally also play one to canvas (which could be any card, maybe change rule).",true,2,1,0,0,0,1,0,maybe; could
"The rules: you can play up to one card to palette (so you could play none?), and up to one card to canvas (maybe none).",true,2,1,0,0,0,1,0,maybe; could
"Thus playing only a canvas card (no palette change) likely won't give you a winning condition unless you manage to change rule to something where you have a card of that color, but you also must have ",true,2,1,0,0,1,0,0,perhaps; likely
"We also might optionally play a canvas card, changing rule to a new color (maybe also choose a card that matches the color we have in palette to be winning).",true,2,1,0,0,0,1,0,maybe; might
"Alternatively, we could play Red 4 to palette (lower) but also maybe play a canvas card to change rule to something else to make us winner.",true,2,1,0,0,0,1,0,maybe; could
"But maybe we could also change canvas to a new rule that we are still winning under, but no need.",true,2,1,0,0,0,1,0,maybe; could
"Maybe the platform I'm running on doesn't support this specific MCP client injection (unlikely if they are using standard Claude Desktop, but possible).
    ",true,2,1,0,0,1,0,0,Maybe; unlikely
"- If I hit, I might improve to 20 or 21, but I could also bust (if I go over 21 counting Ace as 11",true,2,0,0,0,0,2,0,might; could
"Focus on manual/oral, likely making her come without penetration, maybe not even taking all clothes off.",true,2,1,0,0,1,0,0,maybe; likely
"I could:
1. Play conservatively with low-risk games to try to slowly build my balance back up
2.",true,1,0,0,0,0,1,0,could
"But if I can play well, I might be able to get back to $1000 or even higher.

",true,1,0,0,0,0,1,0,might
"There are 8 other players remaining, and I don't know their balances.
",true,1,0,0,1,0,0,0,I don't know
"4. I can cash out to lock in my current balance, but I might be behind other players.
",true,1,0,0,0,0,1,0,might
"*   Dealer's hole card could be anything.
        ",true,1,0,0,0,0,1,0,could
They might bust or make a hand less,true,1,0,0,0,0,1,0,might
"I think I should take a traumatic pistol with myself to repell any naughty hands from you!"".",true,1,1,0,0,0,0,0,I think
"It looks like I’m focusing on using Y1, which seems to be the best single-card move available.",true,1,0,1,0,0,0,0,It looks like
"To a *TaleSpin* audience (used to jazz, swing, big band, and the rock songs Spectre played earlier), this ""heavy metal"" sound would be alien, aggressive, and possibly shocking or exhilarating.",true,1,0,0,0,1,0,0,possibly
"He might be amazed by the aggression.
        ",true,1,0,0,0,0,1,0,might
"The band might be scared or thrilled by the aggression.

",true,1,0,0,0,0,1,0,might
"It's a tiki bar, tropical vibes, pilots drinking, maybe some background music or a current act taking a break.
    ",true,1,1,0,0,0,0,0,maybe
"*   *The ""Sample"":* Since the user wants to play a sample *before* going on stage, Louie might take her to a quiet corner or just listen right there on the dock/entrance before bringing her to the mai",true,1,0,0,0,0,1,0,might
"So the next scene should cover the end of the break or the start of the next activity around 17:30.
    ",true,1,0,0,0,0,0,1,around 1
Maybe a physical challenge or a different kind of bondage?,true,1,1,0,0,0,0,0,Maybe
Maybe auditory play?,true,1,1,0,0,0,0,0,Maybe
"Or maybe just changing the position.
    ",true,1,1,0,0,0,0,0,maybe
"*   Let's have Keira watch her recover, maybe make a comment about her appearance (sweaty, flushed), and then order the next phase.",true,1,1,0,0,0,0,0,maybe
Perhaps a standing position or a kneeling one?,true,1,1,0,0,0,0,0,Perhaps
"Maybe Keira wants to change the location within the cell.
    ",true,1,1,0,0,0,0,0,Maybe
"Or, since Laura is only in a bikini, Keira might want to exploit the cold/temperature.
    ",true,1,0,0,0,0,1,0,might
"Maybe sipping water or checking the ""fake papers.",true,1,1,0,0,0,0,0,Maybe
"Keira might sit on the bed and watch TV (if there was one, but there isn't) or just watch Laura.
    ",true,1,0,0,0,0,1,0,might
"Maybe uses the remote as a threat.
    ",true,1,1,0,0,0,0,0,Maybe
"That might be too repetitive.
    ",true,1,0,0,0,0,1,0,might
"*   Plausible positions.
    ",true,1,0,0,0,1,0,0,Plausible
It seems there's an issue with the npx command.,true,1,0,1,0,0,0,0,It seems
"The user just said ""hety"" which appears to be a typo or casual greeting, possibly meant to be ""hey"" or ""hello.""",true,1,0,0,0,1,0,0,possibly
"Maybe involve the boots she is currently using as props, or keep the focus on the physical position.

",true,1,1,0,0,0,0,0,Maybe
"Status box update:
- Time: +5 mins or so.
- Laura: Kneeling, about to clean a boot.
- Keira: Supervising.",true,1,0,0,0,0,0,1,or so
"The key points I need to address:
- Fuyuko's contradictory reactions: she must protest verbally while physically encouraging
- The setting details matter - stalled car, torn clothes, rainy alley
- Sho",true,1,1,0,0,0,0,0,maybe
I think the expected value is higher when doubling compared to hitting or standing.,true,1,1,0,0,0,0,0,I think
I’m thinking about the probability of winning with a soft 11 hand against a 5.,true,1,0,0,0,1,0,0,probability
"If I hit, I could get a 10, which gives me 21, or an Ace for 12, both of which are decent.",true,1,0,0,0,0,1,0,could
"With a total of 11, I could reach 21 with any 10 or face card.",true,1,0,0,0,0,1,0,could
"With the potential to get a 10 or face card, I could reach 21, but I also have to consider the risk of losing.",true,1,0,0,0,0,1,0,could
I need to keep it welcoming and maybe ask how I can a specific request.,true,1,1,0,0,0,0,0,maybe
"In blackjack, a hand value of 20 is excellent but also dangerous because any additional card will likely bust the hand.

",true,1,0,0,0,1,0,0,likely
"The probability of getting an Ace or 2 is very low

Since the player cannot double down or split, the only reasonable actions are hit or stand.",true,1,0,0,0,1,0,0,probability
"The reasoning is clear: with a hand value of 20, the risk of busting by taking another card is extremely high (approximately 92% chance), making standing the mathematically optimal strategy.",true,1,0,0,0,0,0,1,approximately
"I need to improvise a setting based on the ""ImmersionTale"" and general storybook artist vibes, likely something slice-of-life or fantastical but grounded, given the ""storybook artist"" persona.",true,1,0,0,0,1,0,0,likely
"The vibe should be creative, immersive, perhaps a bit quaint or lively.
    ",true,1,1,0,0,0,0,0,perhaps
"*   Idea: Anonymous finds himself in a small, perhaps slightly dusty but cozy antique shop or a sun-drenched library/artist's studio.",true,1,1,0,0,0,0,0,perhaps
"*   Let's improvise a scenario: Anonymous is sitting in a quaint little cafe called ""The Gilded Whisk"" or something similar, or perhaps just outside a bakery.
    ",true,1,1,0,0,0,0,0,perhaps
Maybe a train station?,true,1,1,0,0,0,0,0,Maybe
"Maybe a drink.
    ",true,1,1,0,0,0,0,0,Maybe
I should probably set a stage.,true,1,0,0,0,1,0,0,probably
"A cobblestone path, maybe some sunlight.
    ",true,1,1,0,0,0,0,0,maybe
"Maybe it's a library or a workshop.
    ",true,1,1,0,0,0,0,0,Maybe
I think I'm lost in the wrong section.,true,1,1,0,0,0,0,0,I think
